統一企業コード,法人管理番号,dunsnumber,法人格コード,企業名カナ,企業名カナ全角,企業名,検索用企業名カナ,検索用企業名カナ全角,検索用企業名,郵便番号,住所,住所１_都道府県,住所２_市区群町村,住所３_字名丁目,住所４_番地,住所５_ビル建物名,電話番号,主業コード,従業コード,代表者役職名,代表者氏名カナ,代表者氏名カナ全角,代表者氏名,主業名,従業名,組織区分,事業内容,重要度ランク,証券コード,ＵＲＬ,合併企業番号,親企業フラグ,親企業番号,sb業種大,sb業種中,sb業種小,備考1,備考2,備考3,備考4,備考5,有効無効フラグ,無効理由,登録日,更新日,登録者,更新者,削除フラグ,登録日時,更新日時,登録者名,更新者名,data_universal_number,mnc_management_name,postal_code,country_code,city,country_calling_code,district,現地法人名_日本語,customer_name,備考
AB8332,,691026222,1,ﾈｸｽﾄﾘﾝｸ,ネクストリンク,株式会社ネクストリンク,ﾈｸｽﾄﾘﾝｸ,ネクストリンク,株式会社ネクストリンク,100-0005,東京都千代田区丸の内2-3-1丸の内ネクストビル,東京都,千代田区,丸の内,2-3-1,丸の内ネクストビル,03-6200-1234,611,641,代表取締役,ｻﾄｳ ｺｳｲﾁ,サトウ コウイチ,佐藤 恒一,総合工事業,総合工事業,,,,6999,https://www.nextlink.co.jp,,,AB8332,,,,,,,,,0,,1999/3/30 0:00,2023/7/8 4:57,new,company,0,2009/7/31 7:00,2023/7/8 4:57,新情報系,company,,,,JPN,,,,,NextLink Inc.,法人番号：3010001034869
AA8485,,703561411,1,ﾌｭｰﾁｬｰﾌﾞﾘｯｼﾞ,フューチャーブリッジ,株式会社フューチャーブリッジ,ﾌｭｰﾁｬｰﾌﾞﾘｯｼﾞ,フューチャーブリッジ,株式会社フューチャーブリッジ,150-0013,東京都渋谷区恵比寿1-12-8恵比寿フロントタワー,東京都,渋谷区,恵比寿,1-12-8,恵比寿フロントタワー,03-6400-2345,6221,,代表取締役,ｽｽﾞｷ ﾏｻﾔ,タナカ コウイチ,田中 恒一,銀行業,,,,,7573,https://www.future-bridge.co.jp,,,GX9040,,,,1,,,,,0,,1999/3/30 0:00,2023/6/8 4:56,new,company,0,2009/7/31 7:00,2023/6/8 4:56,新情報系,company,,,,JPN,,,,,Future Bridge Inc.,法人番号：5010001008813
CL8198,,711323141,1,ｱｰﾊﾞﾝｿﾘｭｰｼｮﾝｽﾞ,アーバンソリューションズ,株式会社アーバンソリューションズ,ｱｰﾊﾞﾝｿﾘｭｰｼｮﾝｽﾞ,アーバンソリューションズ,株式会社アーバンソリューションズ,160-0023,東京都新宿区西新宿6-15-10西新宿ビジネスセンター,東京都,新宿区,西新宿,6-15-10,西新宿ビジネスセンター,03-5900-3456,7299,,代表取締役,ﾀｶﾊｼ ﾅｵｷ,タカハシ ナオキ,高橋 直樹,専門サービス業,,,,,,,,,,,,,,,,,,0,,2002/5/1 0:00,2024/8/9 22:58,new,company,0,2009/7/31 7:00,2024/8/9 22:58,新情報系,company,,,,JPN,,,,,Urban Solutions Inc.,
CL5724,,691686303,0,ｸﾞﾛｰｽﾊﾟｰﾄﾅｰｽﾞ,グロースパートナーズ,株式会社グロースパートナーズ,ｸﾞﾛｰｽﾊﾟｰﾄﾅｰｽﾞ,グロースパートナーズ,株式会社グロースパートナーズ,104-0061,東京都中央区銀座5-8-4銀座コアビル,東京都,中央区,銀座,5-8-4,銀座コアビル,03-6800-4567,6742,6741,代表取締役,ﾀﾅｶ ﾕｳｽｹ,タナカ ユウスケ,田中 裕介,保険業,保険業,,,,,,,,CL5724,,,,1,,,,,0,,2002/5/1 0:00,2024/11/8 5:26,new,company,0,2009/7/31 7:00,2024/11/8 5:26,新情報系,company,,,,JPN,,,,,Growth Partners Inc.,
AB7178,,690588253,1,ﾃｸﾉﾌﾛﾝﾄ,テクノフロント,株式会社テクノフロント,ﾃｸﾉﾌﾛﾝﾄ,テクノフロント,株式会社テクノフロント,108-0075,東京都港区港南2-9-14港南シティビル,東京都,港区,港南,2-9-14,港南シティビル,03-5400-5678,5521,5229,代表取締役,ｲﾄｳ ｹﾝﾀ,スズキ マサヤ,鈴木 雅也,その他の卸売業,飲食料品卸売業,,,,1364,https://www.technofront.jp,,1,AB7178,,,,1,,,,,0,,1999/3/30 0:00,2022/9/8 4:56,new,company,0,2009/7/31 7:00,2022/9/8 4:56,新情報系,company,,,,JPN,,,,,Techno Front Inc.,
GE2715,,704128020,1,ﾋﾞｼﾞﾈｽｴｯｼﾞ,ビジネスエッジ,株式会社ビジネスエッジ,ﾋﾞｼﾞﾈｽｴｯｼﾞ,ビジネスエッジ,株式会社ビジネスエッジ,530-0001,大阪府大阪市北区梅田3-2-7梅田グロースタワー,大阪府,大阪市北区,梅田,3-2-7,梅田グロースタワー,06-6300-1234,661,711,代表取締役,ﾜﾀﾅﾍﾞ ｺｳｲﾁ,ワタナベ コウイチ,渡辺 恒一,総合工事業,職別工事業,,,,5973,https://www.business-edge.co.jp,,,GE2715,,,,1,,,,,0,,2002/7/13 0:00,2024/9/8 4:56,new,company,0,2009/7/31 7:00,2024/9/8 4:56,新情報系,company,,,,JPN,,,,,Business Edge Inc.,
AO8794,,715172088,1,ｽﾏｰﾄｳｪｲ,スマートウェイ,株式会社スマートウェイ,ｽﾏｰﾄｳｪｲ,スマートウェイ,株式会社スマートウェイ,541-0046,大阪府大阪市中央区平野町2-4-9,大阪府,大阪市中央区,平野町,2-4-9,,06-6200-2345,7019,7011,代表取締役,ﾔﾏﾓﾄ ﾀｸﾔ,ヤマモト タクヤ,山本 拓也,物品賃貸業,物品賃貸業,,,,,https://www.smartway.jp,,,AO8794,,,,1,,,,,0,,2001/9/18 0:00,2025/9/8 4:56,new,company,0,2009/7/31 7:00,2025/9/8 4:56,新情報系,company,,,,JPN,,,,,Smart Way Inc.,法人番号:8010401037161
GS9581,,717524338,1,ｲﾉﾍﾞｰｼｮﾝｹﾞｰﾄ,イノベーションゲート,株式会社イノベーションゲート,ｲﾉﾍﾞｰｼｮﾝｹﾞｰﾄ,イノベーションゲート,株式会社イノベーションゲート,460-0008,愛知県名古屋市中区栄3-11-20,愛知県,名古屋市中区,栄,3-11-20,,052-950-3456,7691,5895,代表取締役,ﾅｶﾑﾗ ｶｽﾞﾔ,ナカムラ カズヤ,中村 和也,飲食店,飲食料品小売業,,,,,https://www.innovation-gate.co.jp,,,AB9621,,,,,,,,,0,,2003/7/18 0:00,2025/8/8 4:57,new,company,0,2009/7/31 7:00,2025/8/8 4:57,新情報系,company,,,,JPN,,,,,Innovation Gate Inc.,
PX3131,,713892948,1,ｺｱﾊﾞﾘｭｰ,コアバリュー,株式会社コアバリュー,ｺｱﾊﾞﾘｭｰ,コアバリュー,株式会社コアバリュー,450-0002,愛知県名古屋市中村区名駅4-18-15,愛知県,名古屋市中村区,名駅,4-18-15,,052-580-4567,4013,,代表取締役社長,ｺﾊﾞﾔｼ ﾘｮｳ,コバヤシ リョウ,小林 亮,ネット付随サービス,,,,,,https://www.corevalue.jp,,,,,,,,,,,,0,,2021/5/15 0:02,2025/6/12 13:55,upd,5806104,0,2021/5/15 0:02,2025/6/12 13:55,アップロード,5806104,,,,JPN,,,,,Core Value Inc.,
AB4677,,696990642,0,ﾌｨｰﾙﾄﾞﾈｯﾄ,フィールドネット,株式会社フィールドネット,ﾌｨｰﾙﾄﾞﾈｯﾄ,フィールドネット,株式会社フィールドネット,220-0012,東京都渋谷区恵比寿1-12-8,東京都,渋谷区,恵比寿,1-12-8,,03-6400-1234,3911,9299,代表取締役,ｶﾄｳ ﾏｺﾄ,カトウ マコト,加藤 誠,情報サービス業,その他事業サービス,,,,3081,https://www.fieldnet.co.jp,,,AB4677,,,,1,,,,,0,,1999/3/30 0:00,2025/7/8 4:56,new,company,0,2009/7/31 7:00,2025/7/8 4:56,新情報系,company,,,,JPN,,,,,Field Net Inc.,
AB7264,,700476459,0,ﾃﾞｰﾀｱｸｼｽ,データアクシス,株式会社データアクシス,ﾃﾞｰﾀｱｸｼｽ,データアクシス,株式会社データアクシス,231-0015,神奈川県横浜市中区尾上町4-52,神奈川県,横浜市中区,尾上町,4-52,,045-680-6789,5432,,代表取締役,ﾖｼﾀﾞ ｼｭﾝｽｹ,ヨシダ シュンスケ,吉田 俊介,機械器具卸売業,,,,,4592,https://www.data-axis.jp,,,AB7264,,,,1,,,,,0,,1999/3/30 0:00,2021/9/10 19:42,,,0,2009/7/31 7:00,2021/9/10 19:42,新情報系,5803192,,,,JPN,,,,,Data Axis Inc.,法人番号:4010001001752
CN9978,,710157225,1,ｵｰﾌﾟﾝﾘﾝｸｽ,オープンリンクス,株式会社オープンリンクス,ｵｰﾌﾟﾝﾘﾝｸｽ,オープンリンクス,株式会社オープンリンクス,980-0811,宮城県仙台市青葉区一番町2-8-18,宮城県,仙台市青葉区,一番町,2-8-18,,022-720-2345,7282,7281,代表取締役,ｻｻｷ ﾀﾞｲｽｹ,ササキ ダイスケ,佐々木 大輔,専門サービス業,専門サービス業,,,,,https://www.openlinks.jp,,,CN9978,,,,1,,,,,1,,2002/5/1 0:00,2024/5/8 4:57,new,company,0,2009/7/31 7:00,2024/5/8 4:57,新情報系,company,,,,JPN,,,,,Open Links Inc.,
AB8318,,699965910,1,ｽﾄﾗﾃｼﾞｰﾍﾞｰｽ,ストラテジーベース,株式会社ストラテジーベース,ｽﾄﾗﾃｼﾞｰﾍﾞｰｽ,ストラテジーベース,株式会社ストラテジーベース,330-0845,埼玉県さいたま市大宮区仲町1-33,埼玉県,さいたま市大宮区,仲町,1-33,,048-650-3456,641,621,代表取締役,ﾔﾏｸﾞﾁ ｺｳｲﾁ,ヤマグチ コウイチ,山口 恒一,総合工事業,総合工事業,,,,,https://www.strategy-base.co.jp,,,AB8042,,,,1,,,,,1,,1999/3/30 0:00,2024/9/8 4:57,new,company,0,2009/7/31 7:00,2024/9/8 4:57,新情報系,company,,,,JPN,,,,,Strategy Base Inc.,法人番号：8010001062980
AB9632,,715995371,0,ｸﾗｳﾄﾞﾌｫｰｽ,クラウドフォース,株式会社クラウドフォース,ｸﾗｳﾄﾞﾌｫｰｽ,クラウドフォース,株式会社クラウドフォース,261-0023,千葉県千葉市美浜区中瀬1-9-2,千葉県,千葉市美浜区,中瀬,1-9-2,,043-300-4567,982,1644,代表取締役,ﾏﾂﾓﾄ ﾘｮｳｽｹ,マツモト リョウスケ,松本 亮介,食料品製造業,化学工業,,,,,https://www.cloudforce.jp,,1,AB9632,,,,,,,,,0,,1999/3/30 0:00,2024/8/9 22:58,new,company,0,2009/7/31 7:00,2024/8/9 22:58,新情報系,company,,,,JPN,,,,,Cloud Force Inc.,
IL4405,,715798552,1,ﾈｵｼｽﾃﾑｽﾞ,ネオシステムズ,株式会社ネオシステムズ,ﾈｵｼｽﾃﾑｽﾞ,ネオシステムズ,株式会社ネオシステムズ,604-8152,京都府京都市中京区烏丸通錦小路上る烏丸錦ビル,京都府,京都市中京区,烏丸通錦小路上る,,烏丸錦ビル,075-220-5678,5791,5799,代表社員,ｲﾉｳｴ ﾅｵﾄ,イノウエ ナオト,井上 直人,衣服類小売業,衣服類小売業,,,,3361,,,,,,,,,,,,,0,,2011/9/5 23:30,2025/2/8 4:58,upd,company,0,2011/9/5 23:30,2025/2/8 4:58,アップロード,company,,,,JPN,,,,,Neo Systems Inc.,
HJ3106,,718111569,0,ｱﾄﾞﾊﾞﾝｽﾄﾞﾊﾟｽ,アドバンスドパス,株式会社アドバンスドパス,ｱﾄﾞﾊﾞﾝｽﾄﾞﾊﾟｽ,アドバンスドパス,株式会社アドバンスドパス,650-0034,兵庫県神戸市中央区京町78-4神戸京町ビル,兵庫県,神戸市中央区,京町,78-4,神戸京町ビル,078-330-6789,5432,3032,代表社員,ｷﾑﾗ ｹﾝ,キムラ ケン,木村 健,機械器具卸売業,情報通信機械製造業,,,,6209,https://www.advanced-path.jp,,1,HJ3106,,,,,,,,,0,,2005/6/7 0:00,2022/2/18 20:28,new,company,0,2009/7/31 7:00,2022/2/18 20:28,新情報系,company,,,,JPN,,,,,Advanced Path Inc.,法人番号：2010401057479
HP4190,,699938099,1,ﾋﾞｼﾞｮﾝﾃｯｸ,ビジョンテック,株式会社ビジョンテック,ﾋﾞｼﾞｮﾝﾃｯｸ,ビジョンテック,株式会社ビジョンテック,730-0037,広島県広島市中区中町6-13中町オフィススクエア,広島県,広島市中区,中町,6-13,中町オフィススクエア,082-240-7890,6221,,代表取締役,ﾊﾔｼ ｺｳｲﾁ,ハヤシ コウイチ,林 恒一,銀行業,,,,,,https://www.visiontech.co.jp,,,AA8232,,,,,,,,,0,,2006/9/25 0:00,2025/9/8 4:59,new,company,0,2009/7/31 7:00,2025/9/8 4:59,新情報系,company,,,,JPN,,,,,Vision Tech Inc.,
AB7785,,695859857,1,ﾕﾆﾃｨﾊﾟｰﾄﾅｰｽﾞ,ユニティパートナーズ,株式会社ユニティパートナーズ,ﾕﾆﾃｨﾊﾟｰﾄﾅｰｽﾞ,ユニティパートナーズ,株式会社ユニティパートナーズ,810-0001,福岡県福岡市中央区天神2-14-5天神ビジネスセンター,福岡県,福岡市中央区,天神,2-14-5,天神ビジネスセンター,092-720-8901,3015,3292,代表取締役,ｼﾐｽﾞ ﾀｸ,シミズ タク,清水 拓,情報通信機械製造業,その他の製造業,,,,,https://www.unity-partners.co.jp,,,AB7785,,,,1,,,,,0,,1999/3/30 0:00,2024/11/8 5:26,new,company,0,2009/7/31 7:00,2024/11/8 5:26,新情報系,company,,,,JPN,,,,,Unity Partners Inc.,
HC2054,,719857912,1,ｴｯｼﾞｿﾘｭｰｼｮﾝ,エッジソリューション,株式会社エッジソリューション,ｴｯｼﾞｿﾘｭｰｼｮﾝ,エッジソリューション,株式会社エッジソリューション,900-0015,沖縄県那覇市久茂地3-10-6久茂地コーストビル,沖縄県,那覇市,久茂地,3-10-6,久茂地コーストビル,098-860-9012,9121,7299,代表取締役,ﾓﾘﾀ ｺ,モリタ コ,森田 恒一,職業紹介労働者派遣,専門サービス業,,,,1204,https://www.edge-solution.jp,,,,,,,,,,,,0,,2004/4/13 14:47,2024/11/8 5:27,new,company,0,2009/7/31 7:00,2024/11/8 5:27,新情報系,company,,,,JPN,,,,,Edge Solution Inc.,
